Checkpoint,VoxelDice_Label1,VoxelDice_Label2,VoxelDice_Label3,Mean Voxel Dice,LWDice_Label1,LWDice_Label2,LWDice_Label3,Mean LW Dice,HD95_Label1,HD95_Label2,HD95_Label3,Mean HD95
checkpoint_epochunet_training_20.pth,0.812889237570236,0.7981160078270914,0.8883897305869711,0.8331316586614328,0.8191508625310825,0.7408249616360398,0.8627740382667828,0.8075832874779684,2.7067616787984083,5.01383674516748,1.3952701980851194,3.038622874017003
